Model,RMSE,MAE,R2
Seu modelo (PyTorch),102577.5061502277,87743.359375,-2.718370199203491
