Model,RMSE,MAE,R2
Seu modelo (PyTorch),199.04053057731736,150.60739135742188,0.23771679401397705
